"type";"taxon";"nom_fichier";"credit"
"taxon";"Hirondelle rustique";"01.jpg";"F. Jiguet (INPN)"
"taxon";"Hirondelle de fenêtre";"02.jpg";"O. Roquinarc'h (INPN)"
"taxon";"Machaon";"03.jpg";"Morvan Debroize"
"taxon";"Crapaud";"04.jpg";"Morvan Debroize"
"taxon";"Morio";"05.jpg";"A. Horellou (INPN)"
"taxon";"Morio";"05.jpg";"Noé Conservation"
"taxon";"Damier du frêne";"06.jpg";"Noé Conservation"
"taxon";"Bacchante";"07.jpg";"Noé Conservation"
"taxon";"Sonneur à ventre jaune";"08.jpg";"Noé Conservation"
"taxon";"Carabe splendide";"09.jpg";"Noé Conservation"
"taxon";"Carabe à reflets cuivrés";"10.jpg";"Noé Conservation"
"taxon";"Grand calosome";"11.jpg";"Noé Conservation"
"taxon";"Damier du chèvrefeuille";"12.jpg";"Noé Conservation"
"taxon";"Carabe doré";"13.jpg";"Noé Conservation"
"taxon";"Polypore du bouleau";"14.jpg";"Noé Conservation"
"taxon";"Langue de bœuf";"15.jpg";"Noé Conservation"
"taxon";"Polypore marginé";"16.jpg";"Noé Conservation"
"taxon";"Amadouvier";"17.jpg";"Noé Conservation"
"taxon";"Petit-gris";"18.jpg";"Noé Conservation"
"taxon";"Mélibée";"19.jpg";"Noé Conservation"
"taxon";"Tabac d'Espagne";"20.jpg";"Noé Conservation"
"taxon";"Robert-le-Diable";"21.jpg";"Noé Conservation"
"taxon";"Petit Mars changeant";"22.jpg";"Noé Conservation"
"taxon";"Grand Mars changeant";"23.jpg";"Noé Conservation"
"taxon";"Aurore";"24.jpg";"Noé Conservation"
"taxon";"Orvet fragile";"25.jpg";"Noé Conservation"
"taxon";"Salamandre tachetée";"26.jpg";"Noé Conservation"
"taxon";"Escargot de Bourgogne";"27.jpg";"Noé Conservation"
"taxon";"Soucoupe commune";"28.jpg";"Noé Conservation"
"taxon";"Aromie musquée";"29.jpg";"Noé Conservation"
"taxon";"Grand capricorne";"30.jpg";"Noé Conservation"
"taxon";"Petit capricorne";"31.jpg";"Noé Conservation"
"taxon";"Lepture tacheté";"32.jpg";"Noé Conservation"
"taxon";"Bulime zébré";"33.jpg";"Noé Conservation"
"taxon";"Scarabée rhinocéros européen";"34.jpg";"Noé Conservation"
"taxon";"Hanneton des pins";"35.jpg";"Noé Conservation"
"taxon";"Faux-Hydne gélatineux";"36.jpg";"Noé Conservation"
"taxon";"Auriculaire mésentérique";"37.jpg";"Noé Conservation"
"taxon";"Polypore soufré";"38.jpg";"Noé Conservation"
"taxon";"Pézize vert-de-gris";"39.jpg";"Noé Conservation"
"taxon";"Daldanie concentrique";"40.jpg";"Noé Conservation"
"taxon";"Xylaire du bois";"41.jpg";"Noé Conservation"
"taxon";"Strangalie à forme de capricorne";"42.jpg";"Noé Conservation"
"taxon";"Clyte bélier";"43.jpg";"Noé Conservation"
"taxon";"Elégante striée";"44.jpg";"Noé Conservation"
"taxon";"Maillot cendré";"45.jpg";"Noé Conservation"
"taxon";"Lamie tisserand";"46.jpg";"Noé Conservation"
"taxon";"Hêtre commun";"47.jpg";"Noé Conservation"
"taxon";"Saules";"48.jpg";"Noé Conservation"
"taxon";"Bouleaux";"49.jpg";"Noé Conservation"
"taxon";"Chêne";"50.jpg";"Noé Conservation"
"taxon";"Les fruits";"51.jpg";"Noé Conservation"
"taxon";"Les conifères et leurs aiguilles";"52.jpg";"Noé Conservation"
"taxon";"Les pins et leurs cônes";"53.jpg";"Noé Conservation"
"taxon";"Le bois mort et ses décomposeurs";"54.jpg";"Noé Conservation"
"taxon";"Les champignons";"55.jpg";"Noé Conservation"
"taxon";"Champignons d'arbres";"56.jpg";"Noé Conservation"
"taxon";"Les mousses terrestres";"57.jpg";"Noé Conservation"
"taxon";"Les fougères";"58.jpg";"Noé Conservation"
"taxon";"Les spores des mousses et des fougères";"59.jpg";"Noé Conservation"
"taxon";"Clairières et lisières";"60.jpg";"Noé Conservation"
"taxon";"Chardonneret élégant";"61.jpg";"Sylvain Montagner"
"taxon";"Chevreuil européen";"62.jpg";"Franck MERLIER (INPN)"
"taxon";"Orchis mâle";"63.jpg";"Morvan Debroize"
"taxon";"Jacinthe des bois";"64.jpg";"PNRNM - Morvan Debroize"
"taxon";"Anémone sylvie";"65.jpg";"PNRNM - Michael Houseaux"
"taxon";"Jonquille des bois";"66.jpg";"Morvan Debroize"
"taxon";"Muscardin";"67.jpg";"H. TINGUY (INPN)"
"taxon";"Hérisson d'Europe";"68.jpg";"J.-C. de Massary (INPN)"
"not_confuse";"Hirondelle rustique";"01_4.jpg";"Morvan Debroize"
"not_confuse";"Hirondelle de fenêtre";"02_4.jpg";"Morvan Debroize"
"not_confuse";"Machaon";"03_4.jpg";"Rémi Jardin"
"not_confuse";"Crapaud";"04_4.jpg";"Morvan Debroize"
"not_confuse";"Chardonneret élégant";"61_4.jpg";"PNRNM - Morvan Debroize"
"not_confuse";"Chevreuil européen";"62_4.jpg";"Nicolas Belcourt (INPN)"
"not_confuse";"Orchis mâle";"63_4.jpg";"Morvan Debroize"
"not_confuse";"Jacinthe des bois";"64_4.jpg";"J.-J. Milan (INPN)"
"not_confuse";"Anémone sylvie";"65_4.jpg";"S. Filoche (INPN)"
"not_confuse";"Jonquille des bois";"66_4.jpg";"Sylvain Montagner"
"not_confuse";"Muscardin";"67_4.jpg";"PNRNM - Morvan Debroize"
"mission";"Hirondelles";"01.jpg";"Michel Jardin"
"mission";"Machaon";"02.jpg";"Morvan Debroize"
"mission";"Crapaud";"03.jpg";"Cyrille Delattre"
"mission";"Chardonneret élégant";"60.jpg";"Sylvain Montagner"
"mission";"Chevreuil européen";"61.jpg";"O. Roquinarc'h (INPN)"
"mission";"Orchis mâle";"62.jpg";"Morvan Debroize"
"mission";"Printanières";"63.jpg";"PNRNM - Michael Houseaux"
"mission";"Muscardin";"64.jpg";"H. TINGUY (INPN)"
"mission";"Hérisson d'Europe";"65.jpg";"P. Gourdain"
"environment_description";"Hirondelle rustique";"01_2.jpg";"P. Gourdain (INPN)"
"environment_description";"Hirondelle de fenêtre";"02_2.jpg";"Morvan Debroize"
"environment_description";"Machaon";"03_2.jpg";"Morvan Debroize"
"environment_description";"Crapaud";"04_2.jpg";"Morvan Debroize"
"environment_description";"Chardonneret élégant";"61_2.jpg";"J. LAIGNEL (INPN)"
"environment_description";"Chevreuil européen";"62_2.jpg";"Morvan Debroize"
"environment_description";"Orchis mâle";"63_2.jpg";"PNRNM - Morvan Debroize"
"environment_description";"Jacinthe des bois";"64_2.jpg";"Morvan Debroize"
"environment_description";"Anémone sylvie";"65_2.jpg";"P. Gourdain (INPN)"
"environment_description";"Jonquille des bois";"66_2.jpg";"Morvan Debroize"
"environment_description";"Muscardin";"67_2.jpg";"PNRNM - Emilie Rossa"
"environment_description";"Hérisson d'Europe";"68_2.jpg";"PNRNM - Morvan Debroize"
"characteristic";"Hirondelle rustique";"01_3.jpg";"J.P Siblet (INPN)"
"characteristic";"Hirondelle de fenêtre";"02_3.jpg";"P. Gourdain (INPN)"
"characteristic";"Machaon";"03_3.jpg";"Morvan Debroize"
"characteristic";"Crapaud";"04_3.jpg";"Morvan Debroize"
"characteristic";"Chardonneret élégant";"61_3.jpg";"J. LAIGNEL (INPN)"
"characteristic";"Chevreuil européen";"62_3.jpg";"Morvan Debroize"
"characteristic";"Orchis mâle";"63_3.jpg";"Morvan Debroize"
"characteristic";"Jacinthe des bois";"64_3.jpg";"PNRNM - Gabriel Soulard"
"characteristic";"Anémone sylvie";"65_3.jpg";"Morvan Debroize"
"characteristic";"Jonquille des bois";"66_3.jpg";"P. Gourdain (INPN)"
"characteristic";"Muscardin";"67_3.jpg";"PNRNM - Morvan Debroize"
"characteristic";"Hérisson d'Europe";"68_3.jpg";"Sylvain Montagner"
